[{"id":"99ntrn5skkeckebn","name":"Simple","description":"Simple cube","imageUrl":"https://classteaching.files.wordpress.com/2019/09/rubiks-cube.jpg","level":"3"},{"id":"99ntrt5okkecu7bw","name":"Hard Cube","description":"Very hard cube","imageUrl":"https://5.imimg.com/data5/KD/NT/MY-6975226/rubik-cube-7x7x7-puzzle-educational-toy-500x500.jpg","level":"5"},{"id":"99ntrke4kked1qau","name":"Triangle","description":"Triangle cube","imageUrl":"https://i5.walmartimages.com/asr/d8a476ab-ed42-4c49-a0f5-896af71e38a0_1.2fe721c854f777fe188324e1035767a5.jpeg","level":"2"},{"id":"99ntrs0ckkedltpy","name":"Navcho Cube","description":"The best cube","imageUrl":"https://encrypted-tbn0.gstatic.com/images?q=tbn:ANd9GcTUKxDzJ-wQ9wo9fx4PWwFUUfY-UKByHlHiqw&usqp=CAU","level":"6"},{"id":"99ntrpookkedt9c2","name":"Large Cube","description":"Large Cube","imageUrl":"https://i.pinimg.com/originals/9f/0e/9c/9f0e9c7cb391da8fb9454b3d97cf0397.jpg","level":"6"},{"id":"99ntrs4wkkee7y9q","name":"Pentagon Cube","description":"Pentagon Cube","imageUrl":"https://i.redd.it/fbsh6cvn27361.jpg","level":"4"},{"id":"3bx9pqwkkihziga","name":"Mirror Cube","description":"Colorless mirror cube","imageUrl":"https://m.media-amazon.com/images/I/71TrvUl50OL.jpg","level":"4"}]